Categoria,Subcategoria,Fato_Ou_Resposta
Resumo,Geral,"A Seleção Brasileira é a única Pentacampeã Mundial (1958, 1962, 1970, 1994, 2002) e possui 2 Ouros Olímpicos (2016, 2020). Ídolos históricos incluem: Pelé (Rei), Garrincha, Zico, Romário, Ronaldo Fenômeno, Ronaldinho, Rivaldo, Cafu, Roberto Carlos e Taffarel. O maior artilheiro oficial é Neymar. No feminino, a rainha é Marta. A maior rivalidade é contra a Argentina."
Jogadores,Goleiro,Gilmar dos Santos Neves: O goleiro bicampeão mundial (1958 e 1962). Conhecido pela elegância e segurança.
Jogadores,Goleiro,"Taffarel: Herói do Tetra (1994). Eternizado pelo bordão 'Vai que é tua, Taffarel!'. Defendeu pênaltis decisivos contra Itália e Holanda."
Jogadores,Goleiro,"Marcos: O 'São Marcos', goleiro do Penta (2002). Fez 'milagres' na final contra a Alemanha. Ídolo do Palmeiras."
Jogadores,Goleiro,"Dida: Especialista em pegar pênaltis, jogou as Copas de 98, 2002 e 2006. Conhecido pela frieza."
Jogadores,Goleiro,Alisson Becker: Goleiro titular nas Copas de 2018 e 2022. Considerado um dos melhores do mundo com os pés.
Jogadores,Lateral,"Carlos Alberto Torres: O 'Capita'. Capitão do Tri em 70, marcou o gol mais bonito da história das finais de Copa."
Jogadores,Lateral,"Cafu: Recordista de jogos (150). Capitão do Penta (2002). Único ser humano a jogar 3 finais de Copa seguidas (94, 98, 02)."
Jogadores,Lateral,Roberto Carlos: Dono de um chute de esquerda potentíssimo. Campeão em 2002. Fez o famoso 'gol impossível' contra a França.
Jogadores,Lateral,"Nilton Santos: A 'Enciclopédia do Futebol'. Revolucionou a posição de lateral em 58 e 62, sendo o primeiro a atacar."
Jogadores,Lateral,"Daniel Alves: O maior vencedor de títulos da história do futebol. Disputou as Copas de 2010, 2014 e 2022."
Jogadores,Lateral,"Marcelo: Lateral extremamente habilidoso, titular nas Copas de 2014 e 2018."
Jogadores,Zagueiro,Bellini: Capitão de 1958. Inventou o gesto de levantar a taça acima da cabeça para os fotógrafos verem.
Jogadores,Zagueiro,Mauro Ramos: Capitão do Bi em 1962. Zagueiro clássico e técnico.
Jogadores,Zagueiro,Lucio: O 'Xerife'. Zagueiro de muita força física e arrancadas ao ataque. Campeão em 2002.
Jogadores,Zagueiro,Thiago Silva: O 'Monstro'. Zagueiro técnico que disputou 4 Copas (2010-2022) e foi capitão em 2014.
Jogadores,Zagueiro,"Aldair: Zagueiro clássico e elegante, campeão do mundo em 1994."
Jogadores,Meia,Didi: O 'Príncipe Etíope'. Inventor da 'Folha Seca' (chute com curva). Eleito o melhor jogador da Copa de 1958.
Jogadores,Meia,Gérson: O 'Canhotinha de Ouro'. O cérebro do time de 1970. Fez um golaço na final contra a Itália.
Jogadores,Meia,Rivellino: A 'Patada Atômica'. Inventou o drible 'elástico'. Campeão em 70 e estrela em 74 e 78.
Jogadores,Meia,"Zico: O 'Galinho de Quintino'. O maior craque dos anos 80. Exímio cobrador de faltas. Jogou as Copas de 78, 82 e 86."
Jogadores,Meia,Sócrates: O 'Doutor'. Capitão de 82. Jogava de cabeça erguida e dava passes de calcanhar geniais.
Jogadores,Meia,Falcão: O 'Rei de Roma'. Volante elegante que jogava de terno. Craque em 82.
Jogadores,Meia,Dunga: Capitão do Tetra (94). Símbolo de raça e liderança. Depois virou técnico da Seleção em 2010.
Jogadores,Meia,"Rivaldo: O gênio tímido. Foi decisivo no Penta (2002), participando dos dois gols da final. Eleito melhor do mundo em 1999."
Jogadores,Meia,"Ronaldinho Gaúcho: O 'Bruxo'. Campeão em 2002. Conhecido pela alegria, dribles mágicos e o gol de falta contra a Inglaterra."
Jogadores,Meia,Kaká: O último brasileiro eleito melhor do mundo (2007). Campeão em 2002 (reserva) e titular em 2006 e 2010.
Jogadores,Atacante,Pelé: O Rei do Futebol. 3 Copas do Mundo. Mais de 1200 gols na carreira. O maior de todos os tempos.
Jogadores,Atacante,Garrincha: O gênio das pernas tortas. O maior driblador da história. Ganhou a Copa de 62 praticamente sozinho.
Jogadores,Atacante,Vavá: O 'Peito de Aço'. Único jogador a marcar gols em duas finais de Copa seguidas (58 e 62) vencendo ambas.
Jogadores,Atacante,Jairzinho: O 'Furacão'. Único jogador a fazer gols em TODOS os jogos de uma Copa do Mundo (1970).
Jogadores,Atacante,"Tostão: O grande parceiro de Pelé em 70. Inteligente, jogava como um falso 9, abrindo espaço."
Jogadores,Atacante,Romário: O 'Baixinho'. Gênio da grande área. Ganhou a Copa de 94 sendo o melhor jogador do torneio.
Jogadores,Atacante,Bebeto: O parceiro ideal do Romário em 94. Famoso pela comemoração 'embala neném' contra a Holanda.
Jogadores,Atacante,Ronaldo Fenômeno: O camisa 9 perfeito. Superou lesões graves para ganhar a Copa de 2002 fazendo 2 gols na final.
Jogadores,Atacante,Adriano Imperador: Dono de um chute fortíssimo. Brilhou na Copa América de 2004 e Confederações 2005.
Jogadores,Atacante,Neymar Jr: O maior artilheiro da história da Seleção em jogos oficiais (79 gols). Campeão Olímpico em 2016.
Jogadores,Atacante,Vinicius Jr: A estrela atual. Autor do gol do título da Champions pelo Real Madrid e esperança para 2026.
Jogadores,Lenda,Arthur Friedenreich: O primeiro grande craque brasileiro (anos 1910/20). Dizem ter feito mais gols que Pelé (dados não oficiais).
Jogadores,Lenda,Leônidas da Silva: O 'Diamante Negro'. Inventor da bicicleta. Artilheiro da Copa de 1938.
Jogadores,Lenda,"Zizinho: O ídolo do Pelé. Craque da Copa de 1950, eleito o melhor jogador mesmo com a derrota."
Jogadores,Lenda,Ademir de Menezes: O 'Queixada'. Artilheiro da Copa de 1950 com 9 gols.
História,1958,Campeão Mundial na Suécia. O mundo conhece Pelé e Garrincha.
História,1962,Bicampeão no Chile. Garrincha comanda o time sem Pelé.
História,1970,Tricampeão no México. O time perfeito.
História,1994,Tetracampeão nos EUA. A era Romário.
História,2002,Pentacampeão na Coreia/Japão. A família Scolari e o renascimento de Ronaldo.
História,7x1,"A derrota trágica para a Alemanha em 2014, na semifinal em casa."
História,Olimpíadas,Ouro no Rio 2016 e Tóquio 2020.
Feminino,Marta,Marta: A Rainha. 6x melhor do mundo. Maior artilheira de todas as Copas.
Feminino,Formiga,Formiga: A incansável. 7 Copas do Mundo disputadas.
Feminino,Cristiane,Cristiane: Artilheira histórica das Olimpíadas.

Resumo,Geral,"A Seleção Brasileira é a única Pentacampeã Mundial (1958, 1962, 1970, 1994, 2002) e possui 2 Ouros Olímpicos (2016, 2020). Ídolos históricos incluem: Pelé (Rei), Garrincha, Zico, Romário, Ronaldo Fenômeno, Ronaldinho, Rivaldo, Cafu, Roberto Carlos e Taffarel. O maior artilheiro oficial é Neymar. No feminino, a rainha é Marta."
Jogadores,Goleiro,"Gilmar dos Santos Neves: Goleiro bicampeão mundial (1958 e 1962). Lenda do Santos e Corinthians."
Jogadores,Goleiro,"Taffarel: Herói do Tetra (1994). Eternizado pelo bordão 'Vai que é tua, Taffarel!'. Defendeu pênaltis decisivos contra Itália e Holanda."
Jogadores,Goleiro,"Marcos: O 'São Marcos', goleiro do Penta (2002). Fez 'milagres' na final contra a Alemanha. Ídolo do Palmeiras."
Jogadores,Goleiro,"Dida: Especialista em pegar pênaltis, jogou as Copas de 98, 2002 e 2006. Frio e técnico."
Jogadores,Goleiro,"Alisson Becker: Goleiro titular nas Copas de 2018 e 2022. Um dos melhores do mundo com os pés."
Jogadores,Goleiro,"Weverton: Goleiro campeão olímpico (2016) e convocado para 2022."
Jogadores,Goleiro,"Ederson: Goleiro do Manchester City, titular em vários jogos recentes."
Jogadores,Lateral,"Carlos Alberto Torres: O 'Capita'. Capitão do Tri em 70, marcou o gol mais bonito da história das finais."
Jogadores,Lateral,"Cafu: Recordista de jogos (150). Capitão do Penta (2002). Único ser humano a jogar 3 finais de Copa seguidas (94, 98, 02)."
Jogadores,Lateral,"Roberto Carlos: Lateral esquerdo com chute de esquerda potentíssimo. Campeão em 2002."
Jogadores,Lateral,"Nilton Santos: A 'Enciclopédia'. Revolucionou a posição de lateral em 58 e 62, sendo o primeiro a atacar."
Jogadores,Lateral,"Daniel Alves: O maior vencedor de títulos da história do futebol. Disputou as Copas de 2010, 2014 e 2022."
Jogadores,Lateral,"Marcelo: Lateral extremamente habilidoso, titular nas Copas de 2014 e 2018."
Jogadores,Zagueiro,"Bellini: Capitão de 1958. Inventou o gesto de levantar a taça acima da cabeça."
Jogadores,Zagueiro,"Mauro Ramos: Capitão do Bi em 1962. Zagueiro clássico."
Jogadores,Zagueiro,"Lucio: O 'Xerife'. Zagueiro de muita força física e arrancadas ao ataque. Campeão em 2002."
Jogadores,Zagueiro,"Thiago Silva: O 'Monstro'. Zagueiro técnico, capitão na Copa de 2014."
Jogadores,Zagueiro,"Aldair: Zagueiro clássico e elegante, campeão do mundo em 1994."
Jogadores,Zagueiro,"Marquinhos: Zagueiro titular nas Copas de 2018 e 2022."
Jogadores,Zagueiro,"Éder Militão: Zagueiro veloz do Real Madrid e Seleção."
Jogadores,Meia,"Didi: O 'Folha Seca'. Inventor do chute com curva. Eleito o melhor jogador da Copa de 1958."
Jogadores,Meia,"Gérson: O 'Canhotinha de Ouro'. O cérebro do time de 1970."
Jogadores,Meia,"Rivellino: A 'Patada Atômica'. Inventou o drible 'elástico'. Campeão em 70."
Jogadores,Meia,"Zico: O 'Galinho de Quintino'. Maior craque dos anos 80. Mestre das faltas e ídolo do Flamengo."
Jogadores,Meia,"Sócrates: O 'Doutor'. Capitão de 82. Jogava de cabeça erguida e calcanhar."
Jogadores,Meia,"Falcão: O 'Rei de Roma'. Volante elegante que jogava de terno em 82."
Jogadores,Meia,"Dunga: Capitão do Tetra (94). Símbolo de raça e liderança."
Jogadores,Meia,"Rivaldo: O gênio tímido. Decisivo no Penta (2002). Eleito melhor do mundo em 1999."
Jogadores,Meia,"Ronaldinho Gaúcho: O 'Bruxo'. Campeão em 2002. Conhecido pela alegria e dribles mágicos."
Jogadores,Meia,"Kaká: Melhor do mundo em 2007. Campeão em 2002 (reserva) e titular em 2006 e 2010."
Jogadores,Meia,"Casemiro: Volante multicampeão, pilar defensivo da geração 2018-2022."
Jogadores,Meia,"Lucas Paquetá: Meia criativo, titular na Copa de 2022."
Jogadores,Atacante,"Pelé: Edson Arantes do Nascimento. O Rei do Futebol. Tricampeão (58, 62, 70). Mais de 1200 gols na carreira."
Jogadores,Atacante,"Garrincha: Mané Garrincha. O Anjo das Pernas Tortas. O maior driblador. Ganhou a Copa de 62 praticamente sozinho."
Jogadores,Atacante,"Vavá: Peito de Aço. Fez gols em duas finais seguidas (58 e 62)."
Jogadores,Atacante,"Jairzinho: O Furacão. Fez gols em TODOS os jogos da Copa de 1970."
Jogadores,Atacante,"Tostão: O grande parceiro de Pelé em 70. Inteligente e técnico."
Jogadores,Atacante,"Romário: O Baixinho. Gênio da grande área. Herói do Tetra em 94."
Jogadores,Atacante,"Bebeto: Parceiro do Romário em 94. Famoso pelo gol 'embala neném'."
Jogadores,Atacante,"Ronaldo Fenômeno: O camisa 9 perfeito. Artilheiro e herói do Penta em 2002 com 2 gols na final."
Jogadores,Atacante,"Adriano Imperador: Dono de um chute fortíssimo. Brilhou na Copa América 2004."
Jogadores,Atacante,"Neymar Jr: Maior artilheiro oficial da Seleção (79 gols). Campeão Olímpico 2016."
Jogadores,Atacante,"Vinicius Jr: A estrela atual. Autor de gol em final de Champions e esperança para 2026."
Jogadores,Atacante,"Richarlison: O 'Pombo'. Fez o gol de voleio mais bonito da Copa de 2022."
Jogadores,Atacante,"Endrick: Jovem promessa, marcou contra Inglaterra e Espanha aos 17 anos."
Jogadores,Atacante,"Rodrygo: O 'Rayo'. Atacante versátil e decisivo do Real Madrid."
Jogadores,Lenda,"Leônidas da Silva: O Diamante Negro. Inventor da bicicleta. Artilheiro da Copa de 1938."
Jogadores,Lenda,"Zizinho: Mestre Ziza. Ídolo do Pelé. Melhor jogador da Copa de 1950."
Jogadores,Lenda,"Friedenreich: El Tigre. O primeiro grande craque brasileiro (anos 1910)."
História,Copas,"Copa de 1958 (Suécia): O Brasil ganha seu 1º título. Pelé (17 anos) e Garrincha encantam o mundo."
História,Copas,"Copa de 1962 (Chile): Bicampeão. Pelé se machuca e Garrincha comanda o título."
História,Copas,"Copa de 1970 (México): Tricampeão. O time de Pelé, Tostão, Gérson, Jairzinho e Rivellino é considerado o melhor de todos os tempos."
História,Copas,"Copa de 1994 (EUA): Tetracampeão nos pênaltis contra a Itália. Romário foi o craque."
História,Copas,"Copa de 2002 (Japão/Coreia): Pentacampeão. Ronaldo Fenômeno faz 2 gols na final contra a Alemanha."
História,Tragédia,"Maracanazo (1950): Derrota trágica para o Uruguai na final da Copa no Brasil."
História,Tragédia,"7 a 1 (2014): Derrota humilhante para a Alemanha na semifinal da Copa no Brasil."
Feminino,Rainha,"Marta é a Rainha do Futebol. 6 vezes melhor do mundo. Maior artilheira de todas as Copas."
Feminino,Lenda,"Formiga é a recordista de participações em Copas (7) e Olimpíadas."
Feminino,Artilheira,"Cristiane é a artilheira histórica das Olimpíadas."
Técnicos,Lenda,"Zagallo: Mário Jorge Lobo Zagallo. O 'Velho Lobo'. Único tetracampeão do mundo (58/62 como jogador, 70 como técnico, 94 como coordenador)."
Técnicos,Lenda,"Telê Santana: O Mestre do 'Jogo Bonito'. Comandou as mágicas Seleções de 1982 e 1986. Priorizava o futebol arte."
Técnicos,Lenda,"Luiz Felipe Scolari (Felipão): Técnico do Penta em 2002. Conhecido pelo estilo paizão e motivador (Família Scolari)."
Técnicos,Lenda,"Carlos Alberto Parreira: Técnico do Tetra em 1994. Conhecido pelo estilo tático, organizado e defensivamente sólido."
Técnicos,Lenda,"Tite: Adenor Leonardo Bachi. Comandou o Brasil nas Copas de 2018 e 2022. Teve um ciclo de 6 anos com alto aproveitamento."
Técnicos,Lenda,"Vicente Feola: Técnico do primeiro título mundial em 1958. Apostou no jovem Pelé de 17 anos."
Estatísticas,Artilheiros,"Top 5 Artilheiros Oficiais: 1. Neymar (79 gols), 2. Pelé (77 gols), 3. Ronaldo Fenômeno (62 gols), 4. Romário (55 gols), 5. Zico (48 gols)."
Estatísticas,Atuações,"Top 5 Jogadores com mais jogos: 1. Cafu (150 jogos), 2. Neymar (128 jogos), 3. Daniel Alves (126 jogos), 4. Roberto Carlos (125 jogos), 5. Thiago Silva (113 jogos)."
Cultura,Mascote,"Canarinho: O mascote oficial da Seleção. Ganhou fama mundial na Copa de 2018 com a versão 'Canarinho Pistola' (rosto bravo)."
Cultura,Uniforme,"Origem da Amarelinha: O Brasil jogava de branco até 1950. Após o Maracanazo, houve um concurso em 1953 vencido por Aldyr Schlee, criando a camisa amarelo-ouro."
Cultura,Apelidos,"Apelidos da Seleção: Seleção Canarinho, Verde-Amarela, Esquadrão de Ouro, Pentacampeões."
Infraestrutura,Treino,"Granja Comary: O centro de treinamento oficial da Seleção Brasileira, localizado em Teresópolis, região serrana do Rio de Janeiro."
Rivalidade,Argentina,"Brasil x Argentina: O 'Superclássico das Américas'. Maior rivalidade do continente. Jogos históricos incluem a 'Água Batizada' de 90 e a final da Copa América 2004."
Rivalidade,Uruguai,"Brasil x Uruguai: Clássico marcado pelo 'Maracanazo' de 1950. O Uruguai é conhecido pela 'Celeste Olímpica'."
Títulos,Copa América,"Copa América: O Brasil possui 9 títulos (1919, 1922, 1949, 1989, 1997, 1999, 2004, 2007, 2019)."
Títulos,Confederações,"Copa das Confederações: O Brasil é o maior vencedor da história com 4 títulos (1997, 2005, 2009, 2013)."
Prêmios,Melhor do Mundo,"Romário: Eleito o Melhor Jogador do Mundo pela FIFA em 1994, ano do Tetra."
Prêmios,Melhor do Mundo,"Ronaldo Fenômeno: Eleito 3 vezes o Melhor do Mundo pela FIFA (1996, 1997 e 2002)."
Prêmios,Melhor do Mundo,"Rivaldo: Eleito o Melhor do Mundo pela FIFA e Bola de Ouro em 1999."
Prêmios,Melhor do Mundo,"Ronaldinho Gaúcho: Eleito 2 vezes consecutivas o Melhor do Mundo pela FIFA (2004 e 2005), auge da magia."
Prêmios,Melhor do Mundo,"Kaká: Eleito o Melhor do Mundo pela FIFA em 2007. O último brasileiro a vencer antes da era Messi/Cristiano."
Liderança,Capitães,"Capitão de 1958: Bellini. Zagueiro que eternizou o gesto de erguer a taça sobre a cabeça."
Liderança,Capitães,"Capitão de 1962: Mauro Ramos. Zagueiro clássico que ergueu a taça do Bi no Chile."
Liderança,Capitães,"Capitão de 1970: Carlos Alberto Torres. O 'Capita' levantou a taça do Tri no México."
Liderança,Capitães,"Capitão de 1994: Dunga. Volante de raça que ergueu a taça do Tetra nos EUA."
Liderança,Capitães,"Capitão de 2002: Cafu. Lateral direito que ergueu a taça do Penta no Japão, quebrando o protocolo ao subir no púlpito."
Estádios,Templos,"Maracanã: O Templo do Futebol. Palco da final de 1950 (tragédia) e dos ouros olímpicos de 2016 e Copa América de 1989 e 2019."
Estádios,Templos,"Mineirão: Estádio em Belo Horizonte, palco de grandes jogos, mas marcado pelo 7x1 em 2014."
Curiosidades,Troféu,"Taça Jules Rimet: O primeiro troféu da Copa. O Brasil ganhou a posse definitiva após o Tri em 1970, mas ela foi roubada e derretida no Rio de Janeiro em 1983."
Institucional,CBF,"CBF: Confederação Brasileira de Futebol. Fundada em 1914, é a entidade máxima que organiza a Seleção e os campeonatos nacionais."
Rivalidade,Carrascos,"Zinedine Zidane (França): O maior carrasco moderno. Venceu o Brasil na final de 1998 (fez 2 gols) e eliminou a seleção nas quartas de 2006 com uma atuação de gala."
Rivalidade,Carrascos,"Paolo Rossi (Itália): O carrasco da 'Tragédia do Sarriá' em 1982. Marcou os 3 gols da vitória italiana por 3x2, eliminando um dos melhores times da história."
Rivalidade,Carrascos,"Alcides Ghiggia (Uruguai): Autor do gol do título uruguaio no Maracanazo em 1950, calando 200 mil pessoas."
Rivalidade,Carrascos,"Thierry Henry (França): Marcou o gol da eliminação do Brasil na Copa de 2006, após falha de marcação de Roberto Carlos."
Momentos,Lances,"O Gol que Pelé não fez: O drible de corpo sem tocar na bola no goleiro Mazurkiewicz na semifinal de 1970 contra o Uruguai. A bola passou raspando a trave."
Momentos,Lances,"A defesa do século: Gordon Banks (Inglaterra) parou uma cabeçada perfeita de Pelé na Copa de 1970. Considerada a maior defesa da história das Copas."
Momentos,Gols,"Gol de Placa: Termo criado após um gol de Pelé pelo Santos no Maracanã em 1961. Foi tão bonito que ganhou uma placa física no estádio."
Momentos,Gols,"Gol Espírita: O gol de falta de Ronaldinho Gaúcho contra a Inglaterra em 2002. Ele chutou de muito longe, encobrindo o goleiro Seaman."
Momentos,Gols,"O Gol de Carlos Alberto (1970): O 4º gol na final contra a Itália. O passe cego de Pelé e a bomba do capitão simbolizam o 'futebol arte' coletivo."
Cultura,Superstição,"Zagallo e o 13: O Velho Lobo tinha obsessão pelo número 13 (devoto de Santo Antônio). Frases como 'Brasil Campeão' têm 13 letras."
Recordes,Geral,"Cafu é o único jogador da história do futebol mundial a disputar três finais de Copa do Mundo consecutivas (1994, 1998 e 2002)."
Recordes,Geral,"Zagallo é a única pessoa tetracampeã do mundo: 1958 e 1962 (jogador), 1970 (técnico) e 1994 (coordenador técnico)."
Recordes,Idade,"Pelé é o jogador mais jovem a marcar um gol em final de Copa do Mundo (17 anos e 249 dias em 1958)."
Recordes,Idade,"Thiago Silva se tornou o jogador mais velho a atuar e capitanear o Brasil em uma Copa do Mundo em 2022 (38 anos)."
Polêmicas,1998,"A Convulsão de Ronaldo: Horas antes da final da Copa de 98 contra a França, Ronaldo Fenômeno teve uma convulsão na concentração. Ele foi escalado de última hora, mas o Brasil perdeu por 3x0, gerando muitas teorias da conspiração."
Polêmicas,1978,"Campeão Moral: Em 1978, o Brasil terminou invicto, mas não foi campeão. A Argentina se classificou para a final após golear o Peru por 6x0 num jogo muito suspeito. O técnico Cláudio Coutinho declarou o Brasil 'Campeão Moral'."
Polêmicas,Cortes,"O Corte de Romário (1998/2002): Romário foi cortado da Copa de 98 por lesão (chorou na coletiva) e não foi convocado por Felipão em 2002 por disciplina, gerando comoção nacional."
Cultura,Músicas,"Hino de 58: 'A taça do mundo é nossa / Com brasileiro, não há quem possa...'. Música tema do primeiro título."
Cultura,Músicas,"Hino de 70: 'Pra frente Brasil / Salve a Seleção...'. Música que embalou o Tricampeonato no México."
Cultura,Frases,"Zagallo (1997): 'Vocês vão ter que me engolir!'. Frase dita após ganhar a Copa América sob fortes críticas da imprensa."
Cultura,Frases,"Parreira (1994): 'O gol é apenas um detalhe'. Frase atribuída ao estilo defensivo e pragmático do Tetra (embora ele negue ter dito exatamente assim)."
Cultura,Frases,"Ronaldo (2002): O corte 'Cascão'. Ronaldo fez um corte de cabelo bizarro na semifinal de 2002 para desviar o foco da imprensa sobre sua lesão na perna. Funcionou."
Recordes,Artilheiros em Copas,"Ademir de Menezes (1950): Artilheiro da Copa com 9 gols."
Recordes,Artilheiros em Copas,"Garrincha e Vavá (1962): Artilheiros da Copa com 4 gols cada."
Recordes,Artilheiros em Copas,"Jairzinho (1970): Único jogador a marcar gols em todos os jogos de uma Copa (7 gols)."
Recordes,Artilheiros em Copas,"Ronaldo (2002): Artilheiro da Copa com 8 gols, a maior marca desde 1970."
Curiosidades,Superstição,"A camisa azul: O Brasil usou a camisa azul nas finais de 1958, 1994 e 2002 (contra Suécia, Itália e Alemanha). Venceu todas. A cor é associada ao manto de Nossa Senhora Aparecida."
Cultura,Música,"Hino de 1958: 'A taça do mundo é nossa / Com brasileiro, não há quem possa...'. Marcou o primeiro título."
Cultura,Música,"Hino de 1970: 'Pra frente Brasil / Salve a Seleção...'. A música que embalou o Tri no México."
Cultura,Música,"Samba de 82: 'Voa Canarinho'. Samba gravado pelo lateral Júnior que virou febre nacional, apesar da derrota na Espanha."
Cultura,Música,"Tema de 2002: 'Festa' da Ivete Sangalo. Foi a música não-oficial que os jogadores cantavam no ônibus do Penta."
Cultura,Mascote,"Fuleco: O mascote da Copa de 2014 no Brasil. Um tatu-bola que representava a fauna brasileira e a ecologia."
Cultura,Mascote,"Canarinho Pistola: Versão 'brava' do mascote lançada em 2016. Virou meme mundial pela cara de poucos amigos e sucesso com a torcida."
Frases,Romário,"Polêmica: 'O Pelé calado é um poeta'. Frase dita por Romário em 2005 rebatendo críticas do Rei."
Frases,Romário,"Autoconfiança: 'Quando eu nasci, papai do céu apontou o dedo e disse: esse é o cara'."
Frases,Zagallo,"Desabafo: 'Vocês vão ter que me engolir!'. Dito após a final da Copa América de 1997, calando os críticos."
Frases,Cafu,"Homenagem: '100% Jardim Irene'. Frase escrita na camisa do capitão Cafu ao erguer a taça em 2002, lembrando de seu bairro de origem."
Frases,Tite,"Titebilidade: O técnico Tite ficou famoso por termos difíceis como 'treinabilidade', 'externos desequilibrantes' e 'homem terminal'."
Frases,Felipão,"Família Scolari: Termo usado para definir a união fechada do grupo campeão de 2002, onde o técnico protegia os jogadores como um pai."
Curiosidades,Apelido,"Imperador: Adriano recebeu esse apelido na Itália pela força física e domínio no ataque."
Curiosidades,Apelido,"Dinamite: Roberto Dinamite. Maior ídolo do Vasco, jogou as Copas de 78 e 82. O apelido veio da força do seu chute."
Curiosidades,Superstição,"Garrincha e o 'João': Garrincha chamava todos os seus marcadores laterais de 'João', não importava o nome deles. Para ele, eram todos iguais."
Tática,1958,"O 4-2-4 Revolucionário: Vicente Feola inovou com linha de 4 atacantes, mas Zagallo recuava para compor o meio, criando um 4-3-3 dinâmico."
Tática,1970,"Os Cinco Camisas 10: Zagallo conseguiu escalar Gérson, Rivellino, Tostão, Pelé e Jairzinho juntos. Não tinham posição fixa, era o auge do 'Futebol Arte'."
Tática,1982,"Futebol Arte sem Título: O time de Telê Santana jogava por música com Cerezo, Falcão, Sócrates e Zico no meio-campo. Encantou o mundo, mas perdeu."
Tática,1994,"O Pragmatismo: Parreira apostou na defesa sólida e no contra-ataque, deixando a criatividade quase exclusiva para a dupla Bebeto e Romário."
Tática,2002,"O 3-5-2 do Felipão: Três zagueiros (Lúcio, Edmílson, Roque Júnior) davam liberdade total para Cafu e Roberto Carlos voarem nas alas."
História,Olimpíadas 2016,"Rio 2016: O primeiro Ouro veio em casa, no Maracanã. Neymar marcou de falta no tempo normal e fez o pênalti do título contra a Alemanha."
História,Olimpíadas 2020,"Tóquio 2020: O Bicampeonato Olímpico veio com vitória sobre a Espanha por 2x1 na prorrogação, com gol decisivo de Malcom."
Curiosidades,Decepção,"Quadrado Mágico (2006): O quarteto ofensivo formado por Ronaldo, Adriano, Kaká e Ronaldinho Gaúcho chegou como favorito absoluto, mas jogou mal e caiu para a França."
Curiosidades,Zebra,"Copa de 1966: Chegando como Bicampeão, o Brasil foi eliminado na fase de grupos (pior campanha da história), perdendo para Hungria e Portugal. Pelé foi caçado em campo."
Estatísticas,Invencibilidade,"Campeões Invictos: O Brasil foi campeão mundial sem perder nenhum jogo nas copas de 1958, 1962, 1970, 1994 e 2002 (nesta última, venceu 100% dos jogos)."
História,Injustiça,"Barbosa: Goleiro de 1950. Foi crucificado pela opinião pública pela derrota no Maracanazo e carregou a culpa por 50 anos, apesar de ter sido um dos maiores goleiros da época."
Estatísticas,Dupla Invencível,"Pelé e Garrincha: Quando os dois jogaram juntos pela Seleção, o Brasil NUNCA perdeu uma partida. Foram 40 jogos, com 36 vitórias e 4 empates."
Dramas,Lesão 2014,"A lesão de Neymar (2014): Nas quartas de final, o colombiano Zúñiga deu uma joelhada nas costas de Neymar, fraturando sua vértebra e tirando-o da Copa antes do desastre do 7 a 1."
Rivalidade,Polêmica,"Água Batizada (1990): Nas oitavas da Copa de 90 contra a Argentina, o lateral Branco bebeu água oferecida pela equipe rival e passou mal. Anos depois, Maradona insinuou que havia tranquilizante na garrafa."
Recordes,Soberania,"Presença Perfeita: O Brasil é o único país do mundo que participou de TODAS as edições da Copa do Mundo FIFA (de 1930 até hoje)."
Curiosidades,Apelido,"Seleção Canarinho: O apelido surgiu em 1954, criado pelo locutor Geraldo José de Almeida, por causa da nova camisa amarela e do canto dos jogadores."
Curiosidades,Amuleto,"Zagallo e o número 13: O Velho Lobo era devoto de Santo Antônio (dia 13/06). Ele via o 13 em tudo: 'Brasil Campeão' tem 13 letras, a final de 94 foi nos EUA (13 letras para Estados Unidos da América? Não, ele contava as letras das frases de motivação)."
História,Tabu,"Fim da Invencibilidade em Casa: O Brasil nunca havia perdido um jogo de Eliminatórias jogando em casa na história, até a derrota por 1x0 para a Argentina no Maracanã em 21 de novembro de 2023."
Curiosidades,Técnicos,"Filpo Núñez: Antes da era moderna, foi o único estrangeiro a dirigir a Seleção principal oficialmente (por um jogo) em 1965. Era argentino e treinava o Palmeiras, que representou o Brasil na época."
Títulos,Ilusão,"A Ilusão de 2013: O Brasil venceu a Espanha (então campeã mundial) por 3x0 no Maracanã na final da Copa das Confederações, criando uma euforia excessiva que antecedeu o desastre de 2014."
História,Jejum,"O Fim da Seca (1989): O Brasil ficou 40 anos sem ganhar a Copa América. Romário fez o gol do título contra o Uruguai no Maracanã em 1989 (dia 16 de julho, mesma data do Maracanazo), exorcizando fantasmas."
Cultura,Narração,"É Tetra!: O grito rouco de Galvão Bueno abraçado a Pelé na final de 1994 se tornou a narração mais icônica da história da TV brasileira."
Cultura,Comemoração,"Embala Neném (1994): Bebeto fez um gol contra a Holanda e comemorou fingindo balançar um bebê (seu filho Mattheus tinha acabado de nascer). Romário e Mazinho se juntaram a ele na coreografia."
Recordes,Geral,"Cafu e os cartões: Cafu é o jogador que mais vezes recebeu cartão amarelo em Copas do Mundo pela Seleção (6 vezes), reflexo de sua intensidade e longevidade (4 Copas)."
Estatísticas,Zebra,"Olimpíadas 1996: O Brasil de Ronaldo, Rivaldo e Roberto Carlos vencia a Nigéria por 3x1 na semifinal, mas sofreu a virada para 4x3 na prorrogação (Gol de Ouro de Kanu), um dos maiores traumas olímpicos."
Tabus,Noruega,"A Freguesia Norueguesa: A Seleção Brasileira NUNCA venceu a Noruega na história. Foram 4 jogos: 2 empates e 2 derrotas (incluindo a da Copa de 98)."
Tabus,França,"O Fantasma Francês: O Brasil passou 27 anos sem vencer a França em jogos oficiais (de 1958 até 2013), incluindo as eliminações nas Copas de 86, 98 e 2006."
Curiosidades,Naturalizados,"Diego Costa (2014): O atacante brasileiro escolheu defender a Espanha na Copa do Mundo de 2014 (no Brasil) e foi vaiado pela torcida em todos os jogos."
Curiosidades,Naturalizados,"Deco: Ídolo brasileiro que defendeu Portugal. Jogou contra o Brasil em amistosos, mas sempre com muito respeito."
Estádios,Sagrados,"Estádio Azteca (México): Palco do Tricampeonato em 1970. Único estádio do mundo onde Pelé e Maradona foram campeões mundiais."
Estádios,Sagrados,"Estádio de Yokohama (Japão): Palco da final do Penta em 2002. Onde Ronaldo brilhou."
Estádios,Sagrados,"Rose Bowl (EUA): Estádio da final do Tetra em 1994, sob um sol escaldante na Califórnia."
Estádios,Sagrados,"Råsunda (Suécia): Estádio da final de 1958. Curiosamente, Pelé também jogou lá na despedida do estádio em 2012."
Zebras,Honduras,"O vexame de 2001: O Brasil foi eliminado da Copa América pela modesta seleção de Honduras (2x0), colocando o técnico Felipão na corda bamba antes do Penta."
Zebras,Camarões,"Olimpíadas 2000: O Brasil foi eliminado nas quartas de final por Camarões com um 'Gol de Ouro' na prorrogação, mesmo com dois jogadores a mais em campo."
Cultura,Gíria,"Pombo sem asa: Expressão eternizada para chutes fortes e inesperados de longa distância, como o gol de Nelinho em 1978."
Cultura,Gíria,"Folha Seca: Chute inventado por Didi onde a bola sobe e cai repentinamente, como uma folha seca, enganando o goleiro."
Curiosidades,Invasão,"O Cachorro de 1962: Nas quartas de final contra a Inglaterra, um cachorro invadiu o campo e driblou Garrincha. O atacante inglês Jimmy Greaves pegou o animal, que urinou na camisa dele. Garrincha achou graça e adotou o cachorro depois."
Momentos,Física,"O Gol Impossível (1997): No Torneio da França, Roberto Carlos fez um gol de falta contra a França onde a bola fez uma curva absurda (trivela de canhota), deixando o goleiro Barthez estático. Cientistas estudaram o lance por anos."
Cultura,Comemoração,"Vampeta no Planalto (2002): Na visita ao presidente após o Penta, Vampeta desceu a rampa do Palácio do Planalto dando cambalhotas com a camisa do Brasil, tornando-se um meme histórico."
História,Uniforme,"A Maldição do Branco: O Brasil jogava de branco até 1950. Após a derrota no Maracanã, a cor foi considerada 'azarada' e banida do uniforme principal, dando lugar ao amarelo Canarinho."
Polêmicas,Bastidores,"Romário x Zagallo: Após ser cortado da Copa de 98, Romário mandou pintar caricaturas de Zagallo e Zico (sentados no vaso sanitário) nas portas dos banheiros do seu bar, gerando um enorme processo judicial."
Recordes,Copa do Mundo,"Zagallo e a Copa: Zagallo é a única pessoa no mundo a ter participado de 5 finais de Copa do Mundo (1958 e 1962 como jogador, 1970 e 1998 como técnico, 1994 como coordenador)."
Curiosidades,Crendice,"A cor da sorte: Zagallo acreditava que a cor amarela atraía vitória, mas adorava quando o Brasil jogava de azul em finais, pois lembrava o manto de Nossa Senhora Aparecida."
Mitos,Internet,"O Email de 98: Uma das maiores lendas urbanas do futebol brasileiro é um falso e-mail viral (assinado por um tal 'Gunther Schweitzer'), alegando que o Brasil vendeu a Copa de 1998 para a FIFA em troca de sediar o evento em 2014. A frase 'Se as pessoas soubessem o que aconteceu, ficariam enojadas' virou meme."
História,Violência,"A Batalha de Berna (1954): O jogo Brasil 2x4 Hungria (Copa de 54) foi um dos mais violentos da história. Terminou com 3 expulsos e uma pancadaria generalizada nos vestiários, envolvendo garrafadas, chuteiras e até lâmpadas quebradas."
História,Violência,"A Batalha de Rosário (1978): O jogo Argentina 0x0 Brasil na Copa de 78 foi uma guerra. A torcida argentina apedrejou o ônibus do Brasil e o jogo foi marcado por violência extrema e tensão militar."
História,Origem,"O Primeiro Jogo (1914): A estreia oficial da Seleção Brasileira foi em 21 de julho de 1914, no estádio das Laranjeiras (RJ). O Brasil venceu o Exeter City (time da Inglaterra) por 2x0. O primeiro gol da história foi de Oswaldo Gomes."
Curiosidades,Pênaltis,"Taffarel e o 'Sai que é sua': Galvão Bueno imortalizou esse bordão na Copa de 94 e 98. Taffarel é o recordista brasileiro em defesas de pênaltis em Copas (3 defesas)."
Curiosidades,Apelido,"O Bruxo: Ronaldinho Gaúcho ganhou esse apelido por fazer coisas com a bola que pareciam feitiçaria ou magia, desafiando a lógica."
Títulos,Jejum Olímpico,"A maldição da Prata: Antes do ouro em 2016, o Brasil bateu na trave 3 vezes, perdendo as finais olímpicas de 1984 (França), 1988 (União Soviética) e 2012 (México)."
Bastidores,Lenda,"Mário Américo: O massagista mais famoso da história do futebol. Esteve em 7 Copas do Mundo (de 1950 a 1974), cuidou de Pelé e Garrincha, e era conhecido como 'Pombo-Correio' por levar recados táticos do técnico para os jogadores."
Bastidores,Médico,"Dr. Lídio Toledo: Médico histórico da Seleção. Ficou marcado por momentos tensos, como o corte de Romário em 1998 e o atendimento a Ronaldo na convulsão antes da final de 98."
Gerações,Apelido,"Seleção de Ouro (1982): O time de Telê Santana (Zico, Sócrates, Falcão e Cerezo). É mundialmente reconhecida como a melhor seleção da história que não venceu a Copa."
Gerações,Era Dunga,"Era Dunga (2006-2010): Período marcado por futebol pragmático, força física e guerra com a imprensa. Venceu a Copa América 2007 e Confederações 2009, mas caiu nas quartas da Copa de 2010."
Gerações,Era Tite,"Era Tite (2016-2022): Período de estabilidade e recordes nas eliminatórias. Recuperou o respeito pós-7x1, venceu a Copa América 2019, mas foi eliminado duas vezes nas quartas de final de Copas (Bélgica e Croácia)."
Rivalidade,Paternidade,"Carrasco dos Hermanos: Entre 2004 e 2007, o Brasil venceu a Argentina em três finais consecutivas: Copa América 2004 (nos pênaltis com gol de Adriano), Copa das Confederações 2005 (goleada de 4x1) e Copa América 2007 (3x0 com time reserva)."
Curiosidades,Tradição,"Entrar de mãos dadas: Na Copa de 1994, a Seleção Brasileira inovou ao entrar em campo com todos os jogadores de mãos dadas para demonstrar união. O gesto virou marca registrada do Tetra."
Curiosidades,Luxemburgo,"A Era Luxemburgo (1998-2000): Vanderlei Luxemburgo tentou unificar as seleções Principal e Olímpica. Venceu a Copa América de 99, mas foi demitido após o fracasso nas Olimpíadas de 2000."
Curiosidades,Azar,"Emerson (2002): Era o capitão original do time do Penta. Dias antes da estreia, foi brincar de goleiro no treino ('rachão'), caiu de mau jeito e luxou o ombro. Foi cortado da Copa e Cafu assumiu a braçadeira de capitão."
Curiosidades,Coincidência,"A Dinastia dos 'R': Durante anos, os maiores craques ofensivos do Brasil começavam com a letra R: Romário, Ronaldo, Rivaldo, Ronaldinho Gaúcho, Robinho, Ricardo Oliveira, Richarlison, Raphinha, Rodrygo."
História,Sedes,"A Maldição da Casa: O Brasil sediou duas Copas do Mundo (1950 e 2014). Curiosamente, sofreu suas duas maiores tragédias justamente em casa: o Maracanazo (final de 50) e o 7 a 1 (semifinal de 14)."
Cultura,Propaganda,"Aeroporto 98: O comercial da Nike onde a Seleção joga futebol dentro do aeroporto ao som de 'Mas Que Nada' é considerado a peça publicitária de futebol mais famosa de todos os tempos."
Momentos,Milagre,"O Milagre de Adriano (2004): Na final da Copa América contra a Argentina, o Brasil perdia por 2x1 até os 48 minutos do segundo tempo. Adriano Imperador empatou com um chutaço histórico e o Brasil venceu nos pênaltis."
Recordes,Expulsões,"Jogo mais indisciplinado: Na 'Batalha de Berna' (Brasil x Hungria, 1954), houve 3 expulsões e briga generalizada. Mas o recorde de cartões foi contra a Holanda em 2010 (quartas de final), com o Brasil perdendo a cabeça e Felipe Melo expulso."
Estatísticas,Ranking,"Líder do Ranking: O Brasil é a seleção que mais tempo passou na liderança do Ranking da FIFA na história, sendo a única a participar de todas as Copas."
Curiosidades,Azar,"Emerson (2002): Era o capitão original do time do Penta. Dias antes da estreia, foi brincar de goleiro no treino ('rachão'), caiu de mau jeito e luxou o ombro. Foi cortado da Copa e Cafu assumiu a braçadeira de capitão."
Curiosidades,Coincidência,"A Dinastia dos 'R': Durante anos, os maiores craques ofensivos do Brasil começavam com a letra R: Romário, Ronaldo, Rivaldo, Ronaldinho Gaúcho, Robinho, Ricardo Oliveira, Richarlison, Raphinha, Rodrygo."
História,Sedes,"A Maldição da Casa: O Brasil sediou duas Copas do Mundo (1950 e 2014). Curiosamente, sofreu suas duas maiores tragédias justamente em casa: o Maracanazo (final de 50) e o 7 a 1 (semifinal de 14)."
Cultura,Propaganda,"Aeroporto 98: O comercial da Nike onde a Seleção joga futebol dentro do aeroporto ao som de 'Mas Que Nada' é considerado a peça publicitária de futebol mais famosa de todos os tempos."
Momentos,Milagre,"O Milagre de Adriano (2004): Na final da Copa América contra a Argentina, o Brasil perdia por 2x1 até os 48 minutos do segundo tempo. Adriano Imperador empatou com um chutaço histórico e o Brasil venceu nos pênaltis."
Recordes,Expulsões,"Jogo mais indisciplinado: Na 'Batalha de Berna' (Brasil x Hungria, 1954), houve 3 expulsões e briga generalizada. Mas o recorde de cartões foi contra a Holanda em 2010 (quartas de final), com o Brasil perdendo a cabeça e Felipe Melo expulso."
Estatísticas,Ranking,"Líder do Ranking: O Brasil é a seleção que mais tempo passou na liderança do Ranking da FIFA na história, sendo a única a participar de todas as Copas."
Raízes,Futsal,"A Escola do Salão: A maioria dos craques brasileiros (Rivelino, Zico, Ronaldinho, Neymar, Vinicius Jr) começou no Futsal. O futebol de salão é considerado o segredo do drible curto e do raciocínio rápido brasileiro."
Raízes,Várzea,"Futebol de Várzea: A cultura de jogar na rua, em campos de terra batida e descalço, é historicamente citada como formadora do caráter improvisador e criativo do jogador brasileiro."
História,Paz,"O dia que Pelé parou uma guerra: Em 1969, o Santos de Pelé viajou para a Nigéria durante a Guerra Civil de Biafra. Foi decretado um cessar-fogo oficial de 48 horas apenas para que os dois lados pudessem ver o Rei jogar. Um feito histórico da mística brasileira."
Curiosidades,Anatomia,"As pernas de Garrincha: O maior driblador da história tinha as pernas tortas (uma valga e outra vara) devido a uma distrofia. O que seria uma deficiência virou sua maior arma, pois os marcadores nunca sabiam para que lado ele ia arrancar."
Política,Técnico,"A Novela Ancelotti (2023): A CBF passou o ano de 2023 inteiro esperando Carlo Ancelotti (técnico do Real Madrid) assumir a Seleção, deixando Fernando Diniz como interino. No fim, Ancelotti renovou com o Real Madrid, gerando uma crise que levou à contratação de Dorival Júnior."
Cultura,Torcida,"A exigência da torcida: A torcida brasileira é a única que vaia o próprio time ganhando se não jogar bonito. O fenômeno de gritar 'Olé' para o adversário quando a Seleção joga mal em casa é uma forma clássica de protesto."
Recordes,Defesa,"A zaga invicta (2019): O Brasil foi campeão da Copa América de 2019 sofrendo apenas 1 gol em todo o torneio (na final contra o Peru). A defesa formada por Daniel Alves, Marquinhos, Thiago Silva e Filipe Luís foi considerada uma das melhores do século."
Cultura,Expressão,"O Jogo Bonito (The Beautiful Game): Termo popularizado por Pelé que define o estilo brasileiro de jogar futebol com arte, improviso e alegria, oposto ao futebol de força europeu."
Cultura,Torcida,"Movimento Verde Amarelo: A principal torcida organizada moderna da Seleção, criada para apoiar o time em Copas do Mundo com músicas novas, fugindo do tradicional 'Eu sou brasileiro com muito orgulho'."
Tabus,Freguesia,"México em Copas: O Brasil nunca perdeu e nem sequer tomou gol do México em Copas do Mundo. Foram 5 jogos (1950, 1954, 1962, 2014, 2018) com 4 vitórias e 1 empate, saldo de 13 a 0."
Tabus,Freguesia,"Inglaterra em Copas: Os inventores do futebol nunca venceram o Brasil em Copas do Mundo. Foram 4 jogos históricos: 1958 (0x0), 1962 (3x1), 1970 (1x0) e 2002 (2x1). O Brasil sempre levou a melhor."
Tabus,Freguesia,"Espanha em Copas: O Brasil tem um retrospecto muito favorável. O jogo mais famoso foi na final da Copa das Confederações de 2013 (3x0) e na Copa de 1950 (6x1 com o Maracanã cantando 'Touradas em Madri')."
Recordes,Vitórias,"Cafu e as vitórias: Cafu é o jogador com o maior número de vitórias em jogos de Copa do Mundo na história do futebol mundial (16 vitórias em 20 jogos disputados)."
Curiosidades,Troféu,"A Taça FIFA: O atual troféu da Copa do Mundo (que substituiu a Jules Rimet) foi erguido pela primeira vez por um brasileiro? Não, foi por Franz Beckenbauer (74), mas o Brasil é quem mais ergueu esse modelo (1994 e 2002) junto com a Alemanha e Argentina."
Curiosidades,Mito,"O Mito do Drible: Dizem que Garrincha não treinava drible. Ele simplesmente pegava a bola e ia pra cima. Seus marcadores sabiam que ele ia para a direita, mas ele ia assim mesmo e ninguém conseguia parar."

Atuações,Pelé,"Contra a Suécia (Final 1958): Com apenas 17 anos, Pelé marcou 2 gols na final da Copa, incluindo um lençol no zagueiro dentro da área seguido de um voleio sem deixar a bola cair."
Atuações,Pelé,"Contra a França (Semi 1958): Pelé marcou um 'Hat-trick' (3 gols) na vitória por 5x2, garantindo o Brasil na final."
Atuações,Garrincha,"Contra a Inglaterra (Quartas 1962): Garrincha fez 2 gols (um de cabeça e um de fora da área) e assumiu a responsabilidade pela classificação do Brasil após a lesão de Pelé."
Atuações,Romário,"Contra o Uruguai (Eliminatórias 1993): O Brasil precisava vencer para ir à Copa. Romário, que estava afastado da seleção, voltou e marcou os 2 gols da vitória no Maracanã, garantindo a vaga."
Atuações,Romário,"Contra a Holanda (Quartas 1994): Romário marcou um golaço de sem-pulo e deu a assistência para Bebeto no famoso jogo do 'embala neném'."
Atuações,Ronaldo,"Contra a Alemanha (Final 2002): Após o trauma de 1998 e lesões no joelho, Ronaldo marcou os 2 gols do título do Penta em cima do goleiro Oliver Kahn."
Atuações,Ronaldo,"Contra a Dinamarca (Quartas 1998): Ronaldo deu duas assistências e jogou muito na vitória por 3x2."
Atuações,Ronaldinho,"Contra a Inglaterra (Quartas 2002): Ronaldinho fez a jogada do gol de Rivaldo e marcou o gol da virada de falta, encobrindo o goleiro Seaman, antes de ser expulso."
Atuações,Rivaldo,"Contra a Bélgica (Oitavas 2002): O jogo estava 0x0 e difícil. Rivaldo dominou no peito de costas, girou e chutou no ângulo, abrindo o caminho para a vitória."
Atuações,Zico,"Contra a Nova Zelândia (Copa 1982): Zico marcou um gol de voleio acrobático (tipo bicicleta) que simbolizou o futebol arte daquela seleção."
Atuações,Taffarel,"Contra a Itália (Final 1994): Taffarel defendeu o pênalti de Massaro na decisão, permitindo que o Brasil fosse tetra após o erro de Baggio."
Atuações,Taffarel,"Contra a Holanda (Semi 1998): Taffarel defendeu dois pênaltis (Cocu e Ronald de Boer), classificando o Brasil para a final."
Atuações,Marcos,"Contra a Alemanha (Final 2002): Fez defesas milagrosas, incluindo uma falta de Neuville que bateu na trave, garantindo o 'zero' no placar para o ataque resolver."
Atuações,Neymar,"Contra a Espanha (Final Confederações 2013): Neymar marcou um golaço de pé esquerdo contra o goleiro Casillas e liderou a vitória por 3x0 sobre a então campeã mundial."
Atuações,Neymar,"Contra a Alemanha (Final Olímpica 2016): Marcou o gol de falta no tempo normal e cobrou o pênalti decisivo que deu o primeiro Ouro Olímpico ao Brasil."
Atuações,Adriano,"Contra a Argentina (Final Copa América 2004): Marcou o gol de empate aos 48 minutos do segundo tempo com um chute fortíssimo de virada, levando o jogo para os pênaltis."
Atuações,Richarlison,"Contra a Sérvia (Copa 2022): Marcou dois gols na estreia, sendo o segundo um voleio acrobático eleito o gol mais bonito daquela Copa."
Atuações,Kaka,"Contra a Argentina (Amistoso 2006): Arrancou com a bola do campo de defesa, deixou Messi para trás na corrida e marcou um golaço em Londres."
Atuações,Bebeto,"Contra a Argentina (Copa América 1989): Marcou um voleio incrível após cruzamento de Romário, num dos gols mais bonitos da história do Maracanã."
Atuações,Cafu,"Contra a Alemanha (Final 2002): Como capitão, liderou o time e subiu no púlpito instável do estádio de Yokohama para erguer a taça, gritando 'Regina, eu te amo!'."
Atuações,Roberto Carlos,"Contra a França (Torneio da França 1997): Marcou o famoso 'Gol Impossível' de falta, onde a bola fez uma curva que desafiou a física."
Atuações,Sócrates,"Contra a URSS (Copa 1982): O Brasil perdia na estreia. Sócrates driblou dois zagueiros e soltou uma bomba no ângulo para empatar e acordar o time."

Estatísticas,Gols,"Neymar Jr: É o maior artilheiro da história da Seleção em jogos oficiais da FIFA, com 79 gols marcados."
Estatísticas,Gols,"Pelé: Tem 77 gols em jogos oficiais (critério FIFA). Pelos critérios da CBF (que contam jogos contra clubes e combinados), Pelé tem 95 gols."
Estatísticas,Gols,"Ronaldo Fenômeno: Marcou 62 gols em jogos oficiais pela Seleção Brasileira."
Estatísticas,Gols,"Romário: Marcou 55 gols em jogos oficiais pela Seleção. Ele sempre diz que fez mais de 1000 na carreira, mas pela amarelinha oficial são 55."
Estatísticas,Gols,"Zico: O Galinho marcou 48 gols oficiais pela Seleção Brasileira."
Estatísticas,Gols,"Bebeto: Marcou 39 gols oficiais pela Seleção, sendo decisivo no Tetra."
Estatísticas,Gols,"Rivaldo: Marcou 35 gols oficiais, muitos deles em Copas do Mundo."
Estatísticas,Gols,"Jairzinho: O Furacão da Copa de 70 marcou 33 gols oficiais pela Seleção."
Estatísticas,Gols,"Ronaldinho Gaúcho: O Bruxo marcou 33 gols oficiais com a camisa do Brasil."
Estatísticas,Gols,"Ademir de Menezes: O Queixada marcou 32 gols oficiais."
Estatísticas,Gols,"Tostão: Marcou 32 gols oficiais pela Seleção."
Estatísticas,Gols,"Zizinho: O Mestre Ziza marcou 30 gols oficiais."
Estatísticas,Gols,"Careca: Marcou 29 gols oficiais, sendo o parceiro de Maradona no Napoli e artilheiro do Brasil."
Estatísticas,Gols,"Kaká: Marcou 29 gols oficiais pela Seleção Brasileira."
Estatísticas,Gols,"Luís Fabiano: O Fabuloso marcou 28 gols oficiais, sendo o artilheiro da Era Dunga."
Estatísticas,Gols,"Robinho: Marcou 28 gols oficiais pela Seleção."
Estatísticas,Gols,"Adriano Imperador: Marcou 27 gols oficiais, com uma média altíssima de gols decisivos contra a Argentina."
Estatísticas,Gols,"Rivellino: A Patada Atômica marcou 26 gols oficiais."
Estatísticas,Gols,"Richarlison: O Pombo tem 20 gols marcados pela Seleção (até o final de 2023)."
Estatísticas,Gols,"Gabriel Jesus: Tem 19 gols marcados pela Seleção Brasileira."
Estatísticas,Gols,"Philippe Coutinho: Marcou 21 gols pela Seleção Brasileira."
Estatísticas,Gols,"Roberto Firmino: Marcou 17 gols pela Seleção Brasileira."
Estatísticas,Gols,"Vinícius Júnior: Até o início de 2025, Vini Jr tem 5 gols oficiais pela Seleção Principal."
Estatísticas,Gols,"Marta (Feminino): Marta tem 122 gols pela Seleção Brasileira, superando Pelé e Neymar. É a maior artilheira entre homens e mulheres."
Estatísticas,Gols,"Cristiane (Feminino): Tem 96 gols pela Seleção, sendo a segunda maior artilheira da história."
Estatísticas,Zagueiros,"Lúcio: Um dos zagueiros que mais fez gols, com 4 tentos oficiais."
Estatísticas,Zagueiros,"Juan: Zagueiro artilheiro, marcou 7 gols pela Seleção."
Estatísticas,Zagueiros,"Thiago Silva: Marcou 7 gols oficiais com a camisa do Brasil."
Estatísticas,Zagueiros,"Marquinhos: Já marcou 7 gols pela Seleção Brasileira."
Estatísticas,Laterais,"Roberto Carlos: Marcou 11 gols oficiais, a maioria de falta."
Estatísticas,Laterais,"Daniel Alves: Marcou 8 gols oficiais pela Seleção."
Estatísticas,Laterais,"Cafu: Marcou 5 gols oficiais em suas 150 partidas."
Estatísticas,Volantes,"Casemiro: Tem 7 gols marcados pela Seleção, incluindo um golaço contra a Suíça na Copa de 2022."
Estatísticas,Volantes,"Dunga: O capitão marcou 6 gols pela Seleção Brasileira."
Estatísticas,Volantes,"Paulinho: Volante com faro de gol, marcou 13 vezes pela Seleção, sendo fundamental nas eliminatórias de 2018."

Homenagem,Luto,"Morte de Pelé: O Rei do Futebol faleceu em 29 de dezembro de 2022, aos 82 anos, vítima de câncer. O Brasil e o mundo entraram em luto oficial."
Homenagem,Luto,"Morte de Zagallo: Mário Jorge Lobo Zagallo faleceu em 5 de janeiro de 2024, aos 92 anos. Foi a última lenda viva da Copa de 1958 a partir."
Futuro,Regras 2026,"Copa de 2026: Será a primeira Copa do Mundo com 48 seleções (antes eram 32). O Brasil terá que jogar mais partidas para ser campeão."
Futuro,Sedes 2026,"Sedes 2026: A Copa será dividida entre três países: Estados Unidos, México e Canadá. O Brasil fará sua base provavelmente nos EUA."
Mística,Camisa 10,"A Mística da 10: A camisa 10 do Brasil é considerada a mais pesada do futebol. Foi usada por Pelé, Rivellino, Zico, Rivaldo, Ronaldinho Gaúcho, Kaká e Neymar."
Curiosidades,Maldição,"Maldição da Copa das Confederações: Existe um mito de que quem ganha a Copa das Confederações não ganha a Copa do Mundo seguinte. O Brasil venceu as Confederações de 1997, 2005, 2009 e 2013, e perdeu as Copas seguintes."
Estatísticas,Goleada,"Maior Goleada (Oficial): A maior vitória oficial da Seleção Brasileira (jogo FIFA) foi 7x0 contra a Venezuela na Copa América de 1999 (golaço de Ronaldinho) e 7x0 contra Honduras em amistoso de 2019."
Estatísticas,Goleada,"Maior Goleada (Geral): Contando jogos não-oficiais (contra combinados ou times fracos), o recorde é 14x0 contra a Nicarágua nos Jogos Pan-Americanos de 1975."
Feminino,Copa 2023,"A Decepção de 2023: A Seleção Feminina foi eliminada ainda na fase de grupos da Copa do Mundo de 2023 (empate 0x0 com a Jamaica), marcando a despedida de Marta das Copas de forma melancólica."
Cultura,Torcida,"O Canarinho Pistola: O mascote oficial adotou uma cara de 'bravo' em 2016 para simbolizar a vontade de vencer. Virou febre na Copa da Rússia 2018."
Tabus,Europeus,"A Maldição Europeia: Desde o título de 2002, o Brasil foi eliminado de TODAS as Copas do Mundo por seleções europeias no mata-mata: França (2006), Holanda (2010), Alemanha (2014), Bélgica (2018) e Croácia (2022)."
Cultura,Racismo,"A Camisa Preta (2023): Em junho de 2023, num amistoso contra a Guiné, a Seleção jogou o primeiro tempo inteiramente de uniforme preto pela primeira vez na história. Foi um protesto oficial contra o racismo sofrido por Vinícius Júnior na Espanha."
Recordes,Geografia,"Campeão Global: O Brasil é a única seleção que levantou a Copa do Mundo em quatro continentes diferentes: Europa (1958), América do Sul (1962), América do Norte (1970/1994) e Ásia (2002)."
Prêmios,Copa do Mundo,"Bola de Ouro 1994: Romário foi eleito o melhor jogador da Copa nos EUA, carregando o time ao título."
Prêmios,Copa do Mundo,"Bola de Ouro 1998: Mesmo perdendo a final e sofrendo a convulsão, Ronaldo Fenômeno foi eleito o melhor jogador daquela Copa pela FIFA."
História,Jejum,"O Jejum do Hexa: Se o Brasil não ganhar em 2026, igualará seu maior período sem títulos mundiais da história (24 anos, o mesmo tempo entre o Tri de 70 e o Tetra de 94)."
Curiosidades,Capitães,"Rodízio de Tite: Durante a Era Tite (2016-2022), a braçadeira de capitão não teve dono fixo. Ela rodou entre Miranda, Daniel Alves, Thiago Silva, Casemiro e até Neymar, para dividir a responsabilidade."
Heróis,Substituto,"Amarildo (O Possesso): Na Copa de 1962, Pelé se machucou no segundo jogo. Amarildo entrou no lugar do Rei, marcou 3 gols (inclusive na final) e garantiu o Bicampeonato."
Heróis,Decisivo,"Branco (1994): O lateral foi muito criticado antes da Copa, mas nas quartas de final contra a Holanda (jogo empatado em 2x2), cavou uma falta e fez o gol da vitória com um chute lendário, abrindo caminho para o Tetra."
Parcerias,Ataque,"Dupla Ro-Ro (1997): Romário e Ronaldo Fenômeno formaram uma parceria lendária (e curta) em 1997. Juntos, destruíram defesas na Copa América e Copa das Confederações, marcando dezenas de gols num único ano."
Parcerias,Ataque,"A dupla Bebeto e Romário: Famosos por não se darem muito bem fora de campo, mas se entenderem por telepatia dentro dele. A frase 'Eu te amo' dita por Romário a Bebeto em 94 virou símbolo da união."
Curiosidades,Invencibilidade,"A Mística de 1970: A Seleção de 70 venceu todos os jogos das Eliminatórias (6 jogos) e todos os jogos da Copa (6 jogos). Foi uma campanha de 100% de aproveitamento do início ao fim."
Curiosidades,Goleiros,"Goleiro-Artilheiro: Rogério Ceni foi convocado para as Copas de 2002 e 2006. Embora não tenha feito gols pela Seleção, é reconhecido mundialmente como o goleiro com mais gols na história do futebol (131 gols por clubes)."
História,Seca,"O Maracanazo Feminino (2016): Nas Olimpíadas do Rio, a Seleção Feminina de Marta encantou o país, mas foi eliminada nos pênaltis pela Suécia na semifinal, em pleno Maracanã lotado, frustrando o sonho do ouro em casa."
Recordes,Defesa,"A zaga do Tetra: Em 1994, a dupla de zaga Aldair e Márcio Santos (que entrou no lugar de Ricardo Rocha) foi tão sólida que o Brasil passou 4 jogos sem sofrer gols durante o torneio."
Bastidores,Manobra,"A Anistia de Garrincha (1962): Garrincha foi expulso na semifinal da Copa de 62. Pela regra, estaria fora da final. O governo brasileiro e a CBF agiram nos bastidores, a súmula do jogo 'sumiu' misteriosamente e ele foi liberado para jogar e ser campeão."
Bastidores,Caos,"A Bagunça de 1966: A CBD convocou mais de 40 jogadores e criou 4 times (Verde, Amarelo, Azul, Branco) para viajar o Brasil fazendo amistosos políticos. O time chegou na Copa da Inglaterra cansado, sem time titular definido e foi eliminado na primeira fase."
Bastidores,Ciência,"O Segredo de 1970: A comissão técnica (formada por militares) implementou o 'Teste de Cooper' e treinou na altitude meses antes. O Brasil voava fisicamente no segundo tempo, enquanto os europeus cansavam no calor do México."
Bastidores,Pressão,"O Clamor por Romário (2002): O técnico Felipão barrou Romário da Copa por indisciplina. Até o presidente da República (Fernando Henrique Cardoso) pediu a convocação do Baixinho na TV, mas Felipão bancou a decisão."
Curiosidades,Carreira,"Pelé e a Copa América: O Rei do Futebol jogou apenas uma edição de Copa América na vida (1959). Foi artilheiro e eleito melhor jogador, mas o Brasil terminou invicto em segundo lugar (atrás da Argentina)."
Curiosidades,Apelido,"R9: A sigla 'R9' para Ronaldo Fenômeno foi criada pela Nike em 1998, inspirada nos caças militares, para transformar o jogador em uma marca global."
Recordes,Técnicos,"Parreira em Copas: Carlos Alberto Parreira é o técnico que participou de mais Copas do Mundo na história (6 vezes), dirigindo Kuwait, Emirados Árabes, Brasil (duas vezes), Arábia Saudita e África do Sul."
História,Curiosidade,"A Viagem do Café (1932): Para disputar a Copa do Mundo de 1934 e as Olimpíadas de 1932, a delegação brasileira viajou de navio e precisou vender sacas de café nas paradas dos portos para custear a viagem, pois a federação não tinha dinheiro."
História,Política,"A Briga de 1930: Na primeira Copa do Mundo (1930), o Brasil foi desfalcado dos jogadores paulistas (incluindo o craque Friedenreich) por causa de uma briga política entre as federações do Rio de Janeiro e de São Paulo."
Influência,Zico,"O Pai do Futebol Japonês: Zico jogou a Copa de 2006? Não, ele era o técnico do Japão! O ídolo brasileiro ensinou o Japão a jogar futebol profissionalmente e enfrentou o Brasil na fase de grupos (o Brasil venceu por 4x1)."
Superação,Ronaldo,"O Milagre do Joelho (2002): Médicos diziam que Ronaldo Fenômeno talvez nunca mais andasse normalmente após romper o tendão patelar em 2000. Dois anos depois, ele foi artilheiro e campeão da Copa do Mundo. É considerado o maior retorno da história do esporte."
Curiosidades,Uniforme,"A Volta do Branco (2019): Na Copa América de 2019, o Brasil voltou a usar camisa branca em um jogo oficial (contra a Bolívia) após 69 anos, para homenagear o primeiro título de 1919. Diferente de 1950, dessa vez o Brasil venceu por 3x0."
Curiosidades,Mito,"Mick Jagger Pé Frio: Durante a Copa de 2010 e 2014, criou-se a lenda de que o cantor Mick Jagger trazia azar. Todo time para o qual ele torcia no estádio perdia (incluindo o Brasil no 7x1)."
Recordes,Gols,"Ataque mais positivo: O Brasil detém o recorde de seleção com mais gols na história das Copas do Mundo, com 237 gols marcados até o final da Copa de 2022."
Cultura,Torcida,"O Movimento Verde e Amarelo: Torcida organizada criada em 2008 para modernizar os cânticos da seleção, que antes eram considerados muito 'frios' comparados aos argentinos."
História,Diplomacia,"O Jogo da Paz (2004): A Seleção Brasileira viajou ao Haiti em missão de paz da ONU. Os jogadores desfilaram em tanques de guerra e jogaram contra a seleção local para parar uma guerra civil momentaneamente. Ronaldinho foi tratado como uma divindade."
Recordes,Público,"O Maior do Mundo (1950): A final da Copa de 1950 (Brasil x Uruguai) registrou o maior público da história do futebol mundial: 199.854 pessoas presentes no Maracanã. Esse recorde jamais será batido devido às normas de segurança modernas."
Gerações,Apelido,"Os 4 R's (2002): Apelido dado ao setor ofensivo do Brasil na Copa de 2002, composto por Ronaldo, Rivaldo, Ronaldinho Gaúcho e Roberto Carlos (alguns incluíam Ricardinho ou Roque Júnior na brincadeira, mas o trio de ataque era o foco)."
Curiosidades,Tabu Social,"A Camisa 24: Historicamente, a Seleção evitava usar o número 24 em torneios devido a preconceitos culturais (associação ao Jogo do Bicho). Esse tabu foi quebrado recentemente em 2021/2022 para cumprir regras da CONMEBOL e FIFA de numeração sequencial."
Estatísticas,Copa América,"O Dono da Casa: O Brasil sediou a Copa América 6 vezes (1919, 1922, 1949, 1989, 2019, 2021). Foi campeão em todas, exceto em 2021, quando perdeu a final para a Argentina no Maracanã."
Rivalidade,Pelé x Maradona,"O Rei vs El Pibe: A maior discussão individual do futebol. Pelé tem 3 Copas e mais de 1000 gols. Maradona tem 1 Copa (86) e é idolatrado pela genialidade rebelde. Para os brasileiros, Pelé é inalcançável."
Cultura,Música,"Aquarela do Brasil: Embora não seja um hino de futebol, a música de Ary Barroso é a mais tocada em estádios internacionais quando o Brasil entra em campo, virando um símbolo sonoro da Seleção no exterior."
Curiosidades,Uniforme,"A Camisa do Boca Juniors: No Sul-Americano de 1937, Brasil e Chile entraram em campo ambos de branco. Por sorteio, o Brasil teve que trocar, mas não tinha reservas. O time jogou com a camisa do Boca Juniors (azul e amarela) emprestada e venceu por 6x4."
História,Inusitado,"O Jogo da Anvisa (2021): O clássico Brasil x Argentina pelas Eliminatórias em São Paulo foi interrompido aos 5 minutos por agentes da ANVISA e da Polícia Federal em campo, para deportar jogadores argentinos que violaram regras da pandemia. O jogo foi suspenso e nunca remarcado."
Recordes,Gols,"O Gol 100 em Copas: O centésimo gol do Brasil em Copas do Mundo foi marcado justamente por Pelé, de cabeça, na final de 1970 contra a Itália. Um marco poético."
Cultura,Inovação,"O Spray de Barreira: O spray usado por árbitros no mundo todo foi inventado por um brasileiro (Heine Allemagne) e popularizado no Brasileirão antes de ser adotado pela FIFA na Copa de 2014."
História,Clubes,"Brasil x Barcelona (1999): A Seleção Brasileira enfrentou o Barcelona no Camp Nou para celebrar o centenário do clube espanhol. O jogo terminou 2x2, com Ronaldo Fenômeno jogando pelo Brasil e Rivaldo pelo Barcelona (ambos eram do clube na época)."
Dramas,Pênalti,"O pesadelo de Zico (1986): Nas quartas de final contra a França, Zico (que tinha acabado de entrar) bateu um pênalti no tempo normal e o goleiro Bats defendeu. O jogo foi para a decisão por pênaltis e o Brasil foi eliminado, encerrando o sonho da geração de 80."
Estatísticas,Invencibilidade,"A série de 1993-1996: Entre a derrota para a Bolívia em 93 e a derrota para o México em 96, o Brasil ficou 45 jogos invicto (contando amistosos e oficiais), a maior sequência da história da seleção."